"names",       "volumes",  "use_start_times",  "use_durations"
"Buffer #1",        72.0,              93.75,             4.86
"Buffer #2",       208.0,              86.72,             9.19
"Buffer #3",       242.0,              36.57,             3.51
"Buffer #4",       453.0,              73.51,             5.59
"Buffer #5",       478.0,              83.76,             4.95
"Buffer #6",       567.0,              68.78,             2.29
"Buffer #7",       618.0,              28.01,             1.89
"Buffer #8",       810.0,             110.57,             2.79
"Buffer #9",       845.0,             110.21,            31.68
"Buffer #10",     1107.0,             112.46,            37.65
"Buffer #11",     1203.0,             98.624,             1.62
"Buffer #12",     1639.0,              66.43,            22.29
"Buffer #13",     1772.0,             110.93,            39.19
"Buffer #14",     2128.0,              26.06,             4.05
"Buffer #15",     2171.0,              66.97,            21.75
"Buffer #16",     3873.0,              36.66,            48.39
"Buffer #17",     4503.0,              44.42,            35.76
"Buffer #18",     4987.0,              94.05,            12.97
"Buffer #19",     5826.0,             103.81,            47.39
"Buffer #20",     6225.0,             111.65,            32.39
"Buffer #21",    10682.0,              42.16,            40.72
"Buffer #22",    14253.0,              99.16,            13.63
